id,created_at,text,tweetlink,created_at_date,reason,train_line,blame
869707161642782721,2017-05-30 20:08:40,Train service in/out of Penn Station New York is now operating on or close schedule with residual delays to trains already en-route.,https://twitter.com/NJTRANSIT_RVL/status/869707161642782721,2017-05-30 20:08:40,,RVL,
869610601156423680,2017-05-30 13:44:58,"RVL train #5176, the 1:28pm from Cranford is  up to 20 min. late, due to track maintenance and a late train ahead.",https://twitter.com/NJTRANSIT_RVL/status/869610601156423680,2017-05-30 13:44:58,due to track maintenance and a late train ahead,RVL,NJT late train
869555488987516930,2017-05-30 10:05:58,Train service in/out of Penn Station New York is now operating on or close schedule with residual delays to trains already enroute.,https://twitter.com/NJTRANSIT_RVL/status/869555488987516930,2017-05-30 10:05:58,,RVL,
869535347184721921,2017-05-30 08:45:56,(1 of 2) Trains in/out of PSNY is subject to up to 30 minute delays due to congestion caused by,https://twitter.com/NJTRANSIT_RVL/status/869535347184721921,2017-05-30 08:45:56,due to congestion caused by,RVL,NJT late train
869524519790280704,2017-05-30 08:02:55,Train service in/out of PSNY is subject to up to 30 minute delays due to congestion caused by the sp... https://t.co/xLShO9aIcS,https://twitter.com/NJTRANSIT_RVL/status/869524519790280704,2017-05-30 08:02:55,due to congestion caused by the sp,RVL,NJT late train
868558439299076098,2017-05-27 16:04:03,"RVL train #5527, the 3:47pm from Union is up to 15 min. late, due to late connection.",https://twitter.com/NJTRANSIT_RVL/status/868558439299076098,2017-05-27 16:04:03,due to late connection,RVL,NJT late train
868198863563313152,2017-05-26 16:15:14,"RVL train #5179, the 4:02pm from North Branch is up to 15 min. late due to a signal problem.",https://twitter.com/NJTRANSIT_RVL/status/868198863563313152,2017-05-26 16:15:14,due to a signal problem,RVL,NJT signal problem
868165509312897024,2017-05-26 14:02:41,"RVL train #5175, the 1:51pm from Bound Brook, is up to 15 min. late due to earlier congestion ahead.",https://twitter.com/NJTRANSIT_RVL/status/868165509312897024,2017-05-26 14:02:41,due to earlier congestion ahead,RVL,NJT late train
868145128019546113,2017-05-26 12:41:42,"RVL train #5123, the 12:29pm from Westfield is up to 15 min. late due to track maintenance.",https://twitter.com/NJTRANSIT_RVL/status/868145128019546113,2017-05-26 12:41:42,due to track maintenance,RVL,
867796499165478912,2017-05-25 13:36:22,RVL train #5176 the 1:24pm from Garwood Station is up to 15 min. late due to track maintenance.,https://twitter.com/NJTRANSIT_RVL/status/867796499165478912,2017-05-25 13:36:22,due to track maintenance,RVL,
867782004129116161,2017-05-25 12:38:47,"RVL train #5123, the 12:25pm from Cranford is up to 15 min. late due to track maintenance.",https://twitter.com/NJTRANSIT_RVL/status/867782004129116161,2017-05-25 12:38:47,due to track maintenance,RVL,
867774221493121025,2017-05-25 12:07:51,"RVL train #5132, the 11:59am from Secaucus is up to 10 min. late due to a late train ahead.",https://twitter.com/NJTRANSIT_RVL/status/867774221493121025,2017-05-25 12:07:51,due to a late train ahead,RVL,NJT late train
867759465629659136,2017-05-25 11:09:13,"RVL train #5170, the 10:57am from Secaucus is up to 10 min. late due to operational issues.",https://twitter.com/NJTRANSIT_RVL/status/867759465629659136,2017-05-25 11:09:13,due to operational issues,RVL,NJT operational issues
867734681604812800,2017-05-25 09:30:44,Train service in/out of Penn Station New York is now operating on or close schedule with residual delays to trains already enroute.,https://twitter.com/NJTRANSIT_RVL/status/867734681604812800,2017-05-25 09:30:44,,RVL,
867720114468249604,2017-05-25 08:32:51,Train service in/out of PSNY is subject to up to 30 minute delays due to congestion caused by the sp... https://t.co/xLShO9aIcS,https://twitter.com/NJTRANSIT_RVL/status/867720114468249604,2017-05-25 08:32:51,due to congestion caused by the sp,RVL,NJT late train
867486226751868928,2017-05-24 17:03:28,Train service in/out of PSNY is subject to up to 30 min. delays due to congestion caused by the spee... https://t.co/xLShO9aIcS,https://twitter.com/NJTRANSIT_RVL/status/867486226751868928,2017-05-24 17:03:28,due to congestion caused by the spee,RVL,Amtrak speed limit
867435739679793152,2017-05-24 13:42:51,"RVL train #5176, the 1:28pm from Cranford is up to 15 min. late due to track maintenance.",https://twitter.com/NJTRANSIT_RVL/status/867435739679793152,2017-05-24 13:42:51,due to track maintenance,RVL,
867406025019846656,2017-05-24 11:44:46,RVL train #5132 the 11:28am from Cranford is up to 15 min. late due to track maintenance.,https://twitter.com/NJTRANSIT_RVL/status/867406025019846656,2017-05-24 11:44:46,due to track maintenance,RVL,
867404781849116672,2017-05-24 11:39:50,RVL train #5121 the 11:27am from Westfield is up to 10 min. late due to track maintenance.,https://twitter.com/NJTRANSIT_RVL/status/867404781849116672,2017-05-24 11:39:50,due to track maintenance,RVL,
867108012221243392,2017-05-23 16:00:34,"Train Service in/out of PSNY is subject up to 15 min. delays, due to congestion caused by the speed ... https://t.co/xLShO9aIcS",https://twitter.com/NJTRANSIT_RVL/status/867108012221243392,2017-05-23 16:00:34,due to congestion caused by the speed ,RVL,Amtrak speed limit
867073772792229889,2017-05-23 13:44:31,"RVL train #5175, the 1:29pm from Westfield, is up to 10 min. late due to programmed track maintenance.",https://twitter.com/NJTRANSIT_RVL/status/867073772792229889,2017-05-23 13:44:31,due to programmed track maintenance,RVL,
866994178756153345,2017-05-23 08:28:14,"(1 of 2) Train Service in/out of PSNY is subject up to 30 minute delays, earlier than usual, due to congestion",https://twitter.com/NJTRANSIT_RVL/status/866994178756153345,2017-05-23 08:28:14,due to congestion,RVL,NJT late train
866977596852113408,2017-05-23 07:22:21,"(2 of 2) As a result, more of NJT trains to/from PSNY will experience delays during morning peak.",https://twitter.com/NJTRANSIT_RVL/status/866977596852113408,2017-05-23 07:22:21,,RVL,
866807937288859649,2017-05-22 20:08:11,Train service in/out of PSNY is now operating on or close schedule with residual delays to trains already en-route.,https://twitter.com/NJTRANSIT_RVL/status/866807937288859649,2017-05-22 20:08:11,,RVL,
866654608738979844,2017-05-22 09:58:55,Train service in/out of Penn Station New York is now operating on or close schedule with residual delays to trains already enroute.,https://twitter.com/NJTRANSIT_RVL/status/866654608738979844,2017-05-22 09:58:55,,RVL,
866632870219198464,2017-05-22 08:32:32,Train service in/out of PSNY is subject to up to 30 minute delays due to congestion caused by the sp... https://t.co/xLShO9aIcS,https://twitter.com/NJTRANSIT_RVL/status/866632870219198464,2017-05-22 08:32:32,due to congestion caused by the sp,RVL,NJT late train
865725514308349953,2017-05-19 20:27:01,Train service in/out of Penn Station New York is now operating on or close schedule with residual delays to trains already en-route.,https://twitter.com/NJTRANSIT_RVL/status/865725514308349953,2017-05-19 20:27:01,,RVL,
865562730819923968,2017-05-19 09:40:11,Train service in/out of Penn Station New York is now operating on or close schedule with residual delays to trains already enroute.,https://twitter.com/NJTRANSIT_RVL/status/865562730819923968,2017-05-19 09:40:11,,RVL,
865545463499341824,2017-05-19 08:31:34,Train service in/out of PSNY is subject to up to 30 minute delays due to congestion caused by the sp... https://t.co/xLShO9sj4q,https://twitter.com/NJTRANSIT_RVL/status/865545463499341824,2017-05-19 08:31:34,due to congestion caused by the sp,RVL,NJT late train
865327338246074368,2017-05-18 18:04:49,RVL train #5733 the 5:45pm from Raritan is CANCELLED due to a mechanical problem. Customers to train #5737 the 6:21pm from Raritan.,https://twitter.com/NJTRANSIT_RVL/status/865327338246074368,2017-05-18 18:04:49,due to a mechanical problem,RVL,NJT mechanical problem
865320381653151745,2017-05-18 17:37:10,Train service in/out of PSNY is subject to up to 30 minute delays due to congestion caused by the sp... https://t.co/xLShO9aIcS,https://twitter.com/NJTRANSIT_RVL/status/865320381653151745,2017-05-18 17:37:10,due to congestion caused by the sp,RVL,NJT late train
865255450551488512,2017-05-18 13:19:09,"RVL train #5175, the 1:08pm from NPS is up to 20 min. late due to a switch problem near Secaucus.",https://twitter.com/NJTRANSIT_RVL/status/865255450551488512,2017-05-18 13:19:09,due to a switch problem near Secaucus,RVL,NJT switch problem
865011989717942273,2017-05-17 21:11:44,RVL train #5451 the 8:57pm from Newark is up to 15 min. late due to police assistance.,https://twitter.com/NJTRANSIT_RVL/status/865011989717942273,2017-05-17 21:11:44,due to police assistance,RVL,Police/Fire activity
864953357059993600,2017-05-17 17:18:45,Train service in/out of PSNY is subject to up to 30 minute delays due to congestion caused by the sp... https://t.co/xLShO9aIcS,https://twitter.com/NJTRANSIT_RVL/status/864953357059993600,2017-05-17 17:18:45,due to congestion caused by the sp,RVL,NJT late train
864942270994415616,2017-05-17 16:34:41,RVL train #5742 the 4:19pm from Union is up to 15 min. late due to an earlier switch problem.,https://twitter.com/NJTRANSIT_RVL/status/864942270994415616,2017-05-17 16:34:41,due to an earlier switch problem,RVL,NJT switch problem
864891360263929856,2017-05-17 13:12:23,"RVL train #5175, the 12:49pm from NYPS is up to 15 min late due to operational issues.",https://twitter.com/NJTRANSIT_RVL/status/864891360263929856,2017-05-17 13:12:23,due to operational issues,RVL,NJT operational issues
864880313574588416,2017-05-17 12:28:30,Trains in and out of PSNY are subject to up to 30 minute delays due to an Amtrak switch problem near... https://t.co/xLShO9aIcS,https://twitter.com/NJTRANSIT_RVL/status/864880313574588416,2017-05-17 12:28:30,due to an Amtrak switch problem near,RVL,NJT switch problem
864876422673948672,2017-05-17 12:13:02,"RVL train #5123, the 11:58am from Secaucus is up to 20 min. delay due to a switch problem.",https://twitter.com/NJTRANSIT_RVL/status/864876422673948672,2017-05-17 12:13:02,due to a switch problem,RVL,NJT switch problem
864873432642703360,2017-05-17 12:01:09,"RVL train #5121, the 11:43am from Dunellen is up to 15 min. late due to a late connection.",https://twitter.com/NJTRANSIT_RVL/status/864873432642703360,2017-05-17 12:01:09,due to a late connection,RVL,NJT late train
864841895381520384,2017-05-17 09:55:50,"1 of 2 :RVL train #5121, the 10:44am from NYPS is CANCELLED out of NYPS today only  05/17/2017.",https://twitter.com/NJTRANSIT_RVL/status/864841895381520384,2017-05-17 09:55:50,,RVL,
864654481472057345,2017-05-16 21:31:07,Train service in/out of PSNY is still  subject to up to 30 minute delays due to congestion caused by... https://t.co/xLShO9aIcS,https://twitter.com/NJTRANSIT_RVL/status/864654481472057345,2017-05-16 21:31:07,due to congestion caused by,RVL,NJT late train
864567626558832642,2017-05-16 15:45:59,Train service in/out of PSNY is subject to up to 30 minute delays due to congestion caused by the sp... https://t.co/xLShO9aIcS,https://twitter.com/NJTRANSIT_RVL/status/864567626558832642,2017-05-16 15:45:59,due to congestion caused by the sp,RVL,NJT late train
864566571070574595,2017-05-16 15:41:48,Train service in/out of Penn Station New York is subject to up to 30 minute delays due to congestion... https://t.co/xLShO9aIcS,https://twitter.com/NJTRANSIT_RVL/status/864566571070574595,2017-05-16 15:41:48,due to congestion,RVL,NJT late train
864551330391654404,2017-05-16 14:41:14,RVL train #5127 the 2:34pm from Fanwood is up to 10 min. late due to congestion caused by late trains ahead.,https://twitter.com/NJTRANSIT_RVL/status/864551330391654404,2017-05-16 14:41:14,due to congestion caused by late trains ahead,RVL,NJT late train
864488447314153472,2017-05-16 10:31:21,Train service in/out of Penn Station New York is now operating on or close schedule with residual delays to trains already enroute.,https://twitter.com/NJTRANSIT_RVL/status/864488447314153472,2017-05-16 10:31:21,,RVL,
864244522661838850,2017-05-15 18:22:05,"RVL train #5439, the 6:10pm from Westfield is up to 15 min. late, due to late connection.",https://twitter.com/NJTRANSIT_RVL/status/864244522661838850,2017-05-15 18:22:05,due to late connection,RVL,NJT late train
864244273583140864,2017-05-15 18:21:06,RVL train #5743 the 6:42pm from Westfield is up to 20 min. late due to congestion caused by delayed trains ahead.,https://twitter.com/NJTRANSIT_RVL/status/864244273583140864,2017-05-15 18:21:06,due to congestion caused by delayed trains ahead,RVL,NJT late train
864226749101551616,2017-05-15 17:11:28,Train service in/out of PSNY is subject to up to 30 minute delays due to congestion caused by the sp... https://t.co/xLShO9aIcS,https://twitter.com/NJTRANSIT_RVL/status/864226749101551616,2017-05-15 17:11:28,due to congestion caused by the sp,RVL,NJT late train
864128109389500417,2017-05-15 10:39:30,"RVL train #5170, the 10:31am from Roselle Park is up to 15 min. late due to track maintenance.",https://twitter.com/NJTRANSIT_RVL/status/864128109389500417,2017-05-15 10:39:30,due to track maintenance,RVL,
863137714174087169,2017-05-12 17:04:02,Train service in/out of PSNY is subject to up to 30 minute delays due to congestion caused by the sp... https://t.co/xLShO9aIcS,https://twitter.com/NJTRANSIT_RVL/status/863137714174087169,2017-05-12 17:04:02,due to congestion caused by the sp,RVL,NJT late train
862779073675894784,2017-05-11 17:18:55,Trains in/out of PSNY is subject to 30 min delays due to congestion caused by the speed restriction ... https://t.co/xLShO9aIcS,https://twitter.com/NJTRANSIT_RVL/status/862779073675894784,2017-05-11 17:18:55,due to congestion caused by the speed restriction ,RVL,Amtrak speed limit
862449102453444610,2017-05-10 19:27:44,"RVL train #5743, the 7:17pm from North Branch is up to 10 min. late, due to late connection.",https://twitter.com/NJTRANSIT_RVL/status/862449102453444610,2017-05-10 19:27:44,due to late connection,RVL,NJT late train
862448815860789248,2017-05-10 19:26:35,"RVL train #5447, the 7:18pm from Cranford, is up to 10 min. late due to an earlier late connection.",https://twitter.com/NJTRANSIT_RVL/status/862448815860789248,2017-05-10 19:26:35,due to an earlier late connection,RVL,NJT late train
862417621752348672,2017-05-10 17:22:38,Trains in/out of PS are operating up to 45 min delays due to congest caused by speed restriction for... https://t.co/xLShO9aIcS,https://twitter.com/NJTRANSIT_RVL/status/862417621752348672,2017-05-10 17:22:38,due to congest caused by speed restriction for,RVL,Amtrak speed limit
862411739824087041,2017-05-10 16:59:16,NJT trains into/out of NY will experience 45 to 60 min. delays due to an Amtrak switch problem which... https://t.co/xLShO9aIcS,https://twitter.com/NJTRANSIT_RVL/status/862411739824087041,2017-05-10 16:59:16,due to an Amtrak switch problem which,RVL,NJT switch problem
862085514219991041,2017-05-09 19:22:58,"RVL train #5447, the7:09pm from Union is up to 15 min. late, due to late connection.",https://twitter.com/NJTRANSIT_RVL/status/862085514219991041,2017-05-09 19:22:58,due to late connection,RVL,NJT late train
862049334124216320,2017-05-09 16:59:12,Train service in/out of PSNY is subject to up to 30 minute delays due to congestion caused by the sp... https://t.co/xLShO9aIcS,https://twitter.com/NJTRANSIT_RVL/status/862049334124216320,2017-05-09 16:59:12,due to congestion caused by the sp,RVL,NJT late train
862028711985590272,2017-05-09 15:37:15,"RVL train #5179, the 3:24pm from Westfield is up to 15 min. late due to programmed track maintenance.",https://twitter.com/NJTRANSIT_RVL/status/862028711985590272,2017-05-09 15:37:15,due to programmed track maintenance,RVL,
862012711743475712,2017-05-09 14:33:40,"RVL train #5127, the 2:23pm from Cranford, is up to 10 min. late due to programmed track maintenance.",https://twitter.com/NJTRANSIT_RVL/status/862012711743475712,2017-05-09 14:33:40,due to programmed track maintenance,RVL,
861998236684439552,2017-05-09 13:36:09,"RVL train #5175, the 1:25pm from Cranford, is up to 10 min. late due to programmed track maintenance.",https://twitter.com/NJTRANSIT_RVL/status/861998236684439552,2017-05-09 13:36:09,due to programmed track maintenance,RVL,
861982757957894144,2017-05-09 12:34:39,"RVL train #5123, the 12:20pm from Roselle Park, is up to 15 min. late due to earlier single tracking.",https://twitter.com/NJTRANSIT_RVL/status/861982757957894144,2017-05-09 12:34:39,due to earlier single tracking,RVL,
861953306595340288,2017-05-09 10:37:37,"RVL train #5719, the 10:26from Garwood is up to 15 min. late due to track maintenance.",https://twitter.com/NJTRANSIT_RVL/status/861953306595340288,2017-05-09 10:37:37,due to track maintenance,RVL,
861745676790747137,2017-05-08 20:52:34,RVL train #5749 the 8:29pm from Raritan is 20 min. late due to earlier congestion.,https://twitter.com/NJTRANSIT_RVL/status/861745676790747137,2017-05-08 20:52:34,due to earlier congestion,RVL,NJT late train
861718592575987717,2017-05-08 19:04:57,"RVL train #5445, the 6:54pm from Garwood, is up to 15 min. late due to following a late train ahead.",https://twitter.com/NJTRANSIT_RVL/status/861718592575987717,2017-05-08 19:04:57,due to following a late train ahead,RVL,NJT late train
861717895327494144,2017-05-08 19:02:10,"RVL train #5743, the 6:42pm from Westfield, is up to 20 min. late due to an earlier late connection.",https://twitter.com/NJTRANSIT_RVL/status/861717895327494144,2017-05-08 19:02:10,due to an earlier late connection,RVL,NJT late train
861705509765865473,2017-05-08 18:12:57,Train service in/out of PSNY is subject to up to 45 minute delays due to congestion caused by the sp... https://t.co/xLShO9aIcS,https://twitter.com/NJTRANSIT_RVL/status/861705509765865473,2017-05-08 18:12:57,due to congestion caused by the sp,RVL,NJT late train
861681013247946757,2017-05-08 16:35:37,Train service in/out of PSNY is subject to up to 30-minute delays due to congestion caused by the sp... https://t.co/xLShO9aIcS,https://twitter.com/NJTRANSIT_RVL/status/861681013247946757,2017-05-08 16:35:37,due to congestion caused by the sp,RVL,NJT late train
861640030015586305,2017-05-08 13:52:46,"RVL train #5176, the 1:49pm Newark Penn Station, is up to 10 min. late due to an earlier mechanical problem.",https://twitter.com/NJTRANSIT_RVL/status/861640030015586305,2017-05-08 13:52:46,due to an earlier mechanical problem,RVL,NJT mechanical problem
861561088709713920,2017-05-08 08:39:05,Train service in/out of PSNY is subject to up to 30 minute delays due to congestion caused by the sp... https://t.co/xLShO9aIcS,https://twitter.com/NJTRANSIT_RVL/status/861561088709713920,2017-05-08 08:39:05,due to congestion caused by the sp,RVL,NJT late train
861558485783371777,2017-05-08 08:28:44,"RVL train #5413, the 8:17am from Cranford is up to 15 min. late due to operational issues.",https://twitter.com/NJTRANSIT_RVL/status/861558485783371777,2017-05-08 08:28:44,due to operational issues,RVL,NJT operational issues
861548593777430528,2017-05-08 07:49:26,"RVL train #5718, the 7:39am from Westfield is up to 15 min. late due to a late train ahead.",https://twitter.com/NJTRANSIT_RVL/status/861548593777430528,2017-05-08 07:49:26,due to a late train ahead,RVL,NJT late train
861541914297937920,2017-05-08 07:22:53,"RVL train #5420, the 7:17am from Raritan is CANCELLED due to earlier mechanical problems. Customers may use train #5422 the 7:37am.",https://twitter.com/NJTRANSIT_RVL/status/861541914297937920,2017-05-08 07:22:53,due to earlier mechanical problems,RVL,NJT mechanical problem
861540652454223872,2017-05-08 07:17:52,"RVL train #5416, the 6:55am from Raritan is up to 25 min. late due to an earlier mechanical problem.",https://twitter.com/NJTRANSIT_RVL/status/861540652454223872,2017-05-08 07:17:52,due to an earlier mechanical problem,RVL,NJT mechanical problem
860621839537754112,2017-05-05 18:26:50,"RVL train #5445, the 6:33pm from NPS, is CANCELLED due to a mechanical problem. Customers to train #5447, the 7:00pm from NPS.",https://twitter.com/NJTRANSIT_RVL/status/860621839537754112,2017-05-05 18:26:50,due to a mechanical problem,RVL,NJT mechanical problem
860487881864949760,2017-05-05 09:34:32,"RVL train #5170, the 9:38am from High Bridge is up to 15 min. late due to an earlier mechanical problem.",https://twitter.com/NJTRANSIT_RVL/status/860487881864949760,2017-05-05 09:34:32,due to an earlier mechanical problem,RVL,NJT mechanical problem
860472746974875650,2017-05-05 08:34:24,Train service in/out of PSNY is subject to up to 30 minute delays due to congestion caused by the sp... https://t.co/xLShO9aIcS,https://twitter.com/NJTRANSIT_RVL/status/860472746974875650,2017-05-05 08:34:24,due to congestion caused by the sp,RVL,NJT late train
860113118231486464,2017-05-04 08:45:22,Train service in/out of PSNY is subject to up to 30 minute delays due to congestion caused by the sp... https://t.co/xLShO9aIcS,https://twitter.com/NJTRANSIT_RVL/status/860113118231486464,2017-05-04 08:45:22,due to congestion caused by the sp,RVL,NJT late train
859896274019123200,2017-05-03 18:23:42,Train svc in/out of PSNY is subject to 20 min delays due to congestion caused by a speed restriction... https://t.co/xLShO9aIcS,https://twitter.com/NJTRANSIT_RVL/status/859896274019123200,2017-05-03 18:23:42,due to congestion caused by a speed restriction,RVL,Amtrak speed limit
859827086038638598,2017-05-03 13:48:46,RVL train #5175 the 1:37pm from Netherwood is up to 10 min. late due to earlier congestion.,https://twitter.com/NJTRANSIT_RVL/status/859827086038638598,2017-05-03 13:48:46,due to earlier congestion,RVL,NJT late train
859754464353406976,2017-05-03 09:00:12,Train service in/out of PSNY is subject to up to 30 minute delays due to congestion caused by the sp... https://t.co/xLShO9aIcS,https://twitter.com/NJTRANSIT_RVL/status/859754464353406976,2017-05-03 09:00:12,due to congestion caused by the sp,RVL,NJT late train
859470874843414529,2017-05-02 14:13:19,"Train #5127, the 1:47pm from PSNY, is up to 10 min. late due to an earlier operational issue.",https://twitter.com/NJTRANSIT_RVL/status/859470874843414529,2017-05-02 14:13:19,due to an earlier operational issue,RVL,NJT operational issues
859462373232578560,2017-05-02 13:39:32,"RVL train #5176, the 1:28pm from Cranford, is up to 15 min. late due to programmed track maintenance.",https://twitter.com/NJTRANSIT_RVL/status/859462373232578560,2017-05-02 13:39:32,due to programmed track maintenance,RVL,
859432725161365504,2017-05-02 11:41:43,"RVL train #5132 the 11:34am from Roselle Park is up to 10 min. late, due to track maintenance.",https://twitter.com/NJTRANSIT_RVL/status/859432725161365504,2017-05-02 11:41:43,due to track maintenance,RVL,
859417126179938305,2017-05-02 10:39:44,"RVL train #5170, the 10:31am from Roselle Park is up to 15 min. late due to track maintenance.",https://twitter.com/NJTRANSIT_RVL/status/859417126179938305,2017-05-02 10:39:44,due to track maintenance,RVL,
859383686420205568,2017-05-02 08:26:52,"NEC, NJCL and Midtown Direct trains are subject to up to 30 minute delays in and out of Penn Station... https://t.co/xLShO9aIcS",https://twitter.com/NJTRANSIT_RVL/status/859383686420205568,2017-05-02 08:26:52,,RVL,
859100595621416960,2017-05-01 13:41:57,RVL train #5176 the 1:28pm from Cranford is up to 15 min. late due to programmed track maintenance.,https://twitter.com/NJTRANSIT_RVL/status/859100595621416960,2017-05-01 13:41:57,due to programmed track maintenance,RVL,
859094260431421440,2017-05-01 13:16:47,"RVL train #5134 the 12:58pm from Secaucus is up to 20 min. late, due to track maintenance.",https://twitter.com/NJTRANSIT_RVL/status/859094260431421440,2017-05-01 13:16:47,due to track maintenance,RVL,
859069905475440640,2017-05-01 11:40:00,"RVL train #5132 the 11:28am from Cranford is up to 15 min. late, due to track maintenance.",https://twitter.com/NJTRANSIT_RVL/status/859069905475440640,2017-05-01 11:40:00,due to track maintenance,RVL,
858410105242611715,2017-04-29 15:58:12,"RVL train #5525 the 2:55pm from Cranford is up to 60 min. late, due to Conrail track maintenance.",https://twitter.com/NJTRANSIT_RVL/status/858410105242611715,2017-04-29 15:58:12,due to Conrail track maintenance,RVL,
858326028330074112,2017-04-29 10:24:06,"RVL train #5515 the 9:55am from Cranford is up to 25 min. late, due to track maintenance.",https://twitter.com/NJTRANSIT_RVL/status/858326028330074112,2017-04-29 10:24:06,due to track maintenance,RVL,
858114463987372033,2017-04-28 20:23:25,"RVL train #5749, the 8:04pm from Netherwood is up to 20 min. late, due to congestion caused by an earlier disabled train at South Orange.",https://twitter.com/NJTRANSIT_RVL/status/858114463987372033,2017-04-28 20:23:25,due to congestion caused by an earlier disabled train at South Orange,RVL,NJT late train
858101841493708800,2017-04-28 19:33:16,"RVL train 5447, the 7:09pm from Union is up to 25 min. late, due to congestion caused by an earlier disabled train at South Orange.",https://twitter.com/NJTRANSIT_RVL/status/858101841493708800,2017-04-28 19:33:16,due to congestion caused by an earlier disabled train at South Orange,RVL,NJT late train
858097628525080576,2017-04-28 19:16:31,"RVL train 5447, the 7:01pm from NPS is being delayed, due to congestion from late trains ahead. An date will follow",https://twitter.com/NJTRANSIT_RVL/status/858097628525080576,2017-04-28 19:16:31,due to congestion from late trains ahead,RVL,NJT late train
858088095161491456,2017-04-28 18:38:39,"NEC, NJCL, RVL and MidTown Direct line trains are subject to up to 20 minute delays due to congestio... https://t.co/xLShO9aIcS",https://twitter.com/NJTRANSIT_RVL/status/858088095161491456,2017-04-28 18:38:39,due to congestio,RVL,
858086511916593155,2017-04-28 18:32:21,"RVL train #5439, the 6:18pm from Netherwood is up to 15 min. late, due to following a late train ahead.",https://twitter.com/NJTRANSIT_RVL/status/858086511916593155,2017-04-28 18:32:21,due to following a late train ahead,RVL,NJT late train
858084206559322113,2017-04-28 18:23:11,"RVL train #5448, the 6:11pm from Plainfield is up to 15 min. late, due to a disabled train ahead.",https://twitter.com/NJTRANSIT_RVL/status/858084206559322113,2017-04-28 18:23:11,due to a disabled train ahead,RVL,
858083555552972800,2017-04-28 18:20:36,"RVL train #5737, the 5:50pm from Netherwood is up to 25 min. late, due to a disabled train ahead.",https://twitter.com/NJTRANSIT_RVL/status/858083555552972800,2017-04-28 18:20:36,due to a disabled train ahead,RVL,
858054429517508608,2017-04-28 16:24:52,"RVL train #5742, the 3:47pm from Dunellen is CANCELLED at Dunellen, due to an  mechanical problems. ... https://t.co/xLShO9aIcS",https://twitter.com/NJTRANSIT_RVL/status/858054429517508608,2017-04-28 16:24:52,due to an  mechanical problems,RVL,NJT mechanical problem
858009162063675393,2017-04-28 13:24:59,"RVL train #5134, the 1:58pm from Secaucus is up to 30 min. late due to congestion.",https://twitter.com/NJTRANSIT_RVL/status/858009162063675393,2017-04-28 13:24:59,due to congestion,RVL,NJT late train
858006800146337792,2017-04-28 13:15:36,"RVL train #5175, the 1:08pm from NPS is up to 15 min. late due to congestion from a late train ahead.",https://twitter.com/NJTRANSIT_RVL/status/858006800146337792,2017-04-28 13:15:36,due to congestion from a late train ahead,RVL,NJT late train
857649828301549568,2017-04-27 13:37:08,"RVL train #5176 the 1:24pm from Garwood is up to 15 min. late, due to track maintenance.",https://twitter.com/NJTRANSIT_RVL/status/857649828301549568,2017-04-27 13:37:08,due to track maintenance,RVL,
857214389845471233,2017-04-26 08:46:51,"NEC, NJCL, RVL &amp; Midtown Direct trains are subject to up to 20 min. delays in/out of Penn Station Ne... https://t.co/xLShO9aIcS",https://twitter.com/NJTRANSIT_RVL/status/857214389845471233,2017-04-26 08:46:51,,RVL,
857039380778803202,2017-04-25 21:11:26,"NEC, NJCL, RVL and MidTown Direct trains are subject to up to 15 minute delays due to Amtrak overhea... https://t.co/xLShO9aIcS",https://twitter.com/NJTRANSIT_RVL/status/857039380778803202,2017-04-25 21:11:26,due to Amtrak overhea,RVL,
857033748394774530,2017-04-25 20:49:03,"NEC, NJCL, RVL and MidTown Direct trains are subject to up to 30 minute delays due to Amtrak overhea... https://t.co/xLShO9aIcS",https://twitter.com/NJTRANSIT_RVL/status/857033748394774530,2017-04-25 20:49:03,due to Amtrak overhea,RVL,
857017791383314432,2017-04-25 19:45:38,"RVL train #5447, the 7:33pm from Netherwood, is up to 15 min. late due to earlier congestion ahead.",https://twitter.com/NJTRANSIT_RVL/status/857017791383314432,2017-04-25 19:45:38,due to earlier congestion ahead,RVL,NJT late train
856991840096194560,2017-04-25 18:02:31,"NEC, NJCL, RVL and MidTwn Direct trains are subject to 60 minute delays, &amp; are expected to escalate,... https://t.co/xLShO9aIcS",https://twitter.com/NJTRANSIT_RVL/status/856991840096194560,2017-04-25 18:02:31,,RVL,
856990673781886976,2017-04-25 17:57:53,"NEC, NJCL, RVL and MidTwn Direct trains are subject to 45 minute delays, &amp; are expected to escalate,... https://t.co/xLShO9aIcS",https://twitter.com/NJTRANSIT_RVL/status/856990673781886976,2017-04-25 17:57:53,,RVL,
856982184703528960,2017-04-25 17:24:09,RVL train #5737 the 5:35pm from Newark Penn Station will make local stops TODAY due to congestion caused by delayed trains.,https://twitter.com/NJTRANSIT_RVL/status/856982184703528960,2017-04-25 17:24:09,due to congestion caused by delayed trains,RVL,NJT late train
856977510092984321,2017-04-25 17:05:34,"NEC, NJCL, RVL &amp; MidTown trains are subject to up to 40 min delays, and are expected to escalate, du... https://t.co/xLShO9aIcS",https://twitter.com/NJTRANSIT_RVL/status/856977510092984321,2017-04-25 17:05:34,,RVL,
856964840493117440,2017-04-25 16:15:14,"NEC, NJCL, RVL and MidTown Direct trains are subject to up to 20 minute delays due to Amtrak overhea... https://t.co/xLShO9aIcS",https://twitter.com/NJTRANSIT_RVL/status/856964840493117440,2017-04-25 16:15:14,due to Amtrak overhea,RVL,
856926143097823232,2017-04-25 13:41:28,"RVL train #5176, the 1:33pm from Roselle Park, is up to 10 min. late due to programmed track maintenance.",https://twitter.com/NJTRANSIT_RVL/status/856926143097823232,2017-04-25 13:41:28,due to programmed track maintenance,RVL,
856860807979835393,2017-04-25 09:21:50,"NEC, NJCL, and RVL trains continue to operate with 45 min delays in and out of NY, due heavy congest... https://t.co/xLShO9aIcS",https://twitter.com/NJTRANSIT_RVL/status/856860807979835393,2017-04-25 09:21:50,due heavy congest,RVL,
856856414924484608,2017-04-25 09:04:23,"NEC, NJCL, and RVL trains are subject to up to 45 min delays in/out of NY, due to single tracking ca... https://t.co/xLShO9aIcS",https://twitter.com/NJTRANSIT_RVL/status/856856414924484608,2017-04-25 09:04:23,due to single tracking ca,RVL,
856644509387673600,2017-04-24 19:02:21,"RVL train #5445, the 6:51pm from Cranford is up to 15 min. late due to a late connection.",https://twitter.com/NJTRANSIT_RVL/status/856644509387673600,2017-04-24 19:02:21,due to a late connection,RVL,NJT late train
856638672317317120,2017-04-24 18:39:09,"NEC, NJCL, RVL, &amp; Midtown Direct trains are subject to 20 minute delays in/out of NYPS due to ongoing Amtrak track maintenance in New York.",https://twitter.com/NJTRANSIT_RVL/status/856638672317317120,2017-04-24 18:39:09,due to ongoing Amtrak track maintenance in New York,RVL,
856574924554633216,2017-04-24 14:25:51,RVL train #5175 the 2:09pm from North Branch is up to 20 min. late due to an earlier vehicle stuck on the track.,https://twitter.com/NJTRANSIT_RVL/status/856574924554633216,2017-04-24 14:25:51,due to an earlier vehicle stuck on the track,RVL,
856557229645987841,2017-04-24 13:15:32,RVL train #5123 the 12:25pm from Cranford is now up to 50 min. late due to ongoing Amtrak track maintenance in New York.,https://twitter.com/NJTRANSIT_RVL/status/856557229645987841,2017-04-24 13:15:32,due to ongoing Amtrak track maintenance in New York,RVL,
856552538232979456,2017-04-24 12:56:53,"RVL train #5123 the 12:08pm from Newark Penn is up to 45 min. late, due to Amtrak track maintenance.",https://twitter.com/NJTRANSIT_RVL/status/856552538232979456,2017-04-24 12:56:53,due to Amtrak track maintenance,RVL,
856491619360673792,2017-04-24 08:54:49,"NEC, NJCL, RVL, &amp; Midtown Direct trains are subject to 15 minute delays in/out of NYPS due to ongoing Amtrak track maintenance in New York.",https://twitter.com/NJTRANSIT_RVL/status/856491619360673792,2017-04-24 08:54:49,due to ongoing Amtrak track maintenance in New York,RVL,
855935172218376194,2017-04-22 20:03:42,"Until further notice, weekend trains operating in/out of New York are subject to delays of up to 15 ... https://t.co/xLShO9aIcS",https://twitter.com/NJTRANSIT_RVL/status/855935172218376194,2017-04-22 20:03:42,,RVL,
855496225524772865,2017-04-21 14:59:29,"RVL train #5179, the 2:39pm from NYPS, is up to 15 min. late due to earlier police assistance.",https://twitter.com/NJTRANSIT_RVL/status/855496225524772865,2017-04-21 14:59:29,due to earlier police assistance,RVL,Police/Fire activity
855480101592592388,2017-04-21 13:55:24,Amtrak completed repairs associated with todayâs delays into NY and NPS on the RVL. Svc is expecte... https://t.co/xLShO9aIcS,https://twitter.com/NJTRANSIT_RVL/status/855480101592592388,2017-04-21 13:55:24,,RVL,
855479150282502144,2017-04-21 13:51:38,Amtrak has completed the repairs associated with todayâs delays into New York and into Newark on t... https://t.co/xLShO9aIcS,https://twitter.com/NJTRANSIT_RVL/status/855479150282502144,2017-04-21 13:51:38,,RVL,
855451269716221953,2017-04-21 12:00:50,Trains between NPS &amp; PSNY are subject to up to 20 minute delays due to Amtrak signal problem/congest... https://t.co/xLShO9aIcS,https://twitter.com/NJTRANSIT_RVL/status/855451269716221953,2017-04-21 12:00:50,due to Amtrak signal problem/congest,RVL,NJT signal problem
855444428596662273,2017-04-21 11:33:39,Trains between NPS &amp; PSNY are subject to up to 20 minutes delays due to Amtrak signal problem/conges... https://t.co/xLShO9aIcS,https://twitter.com/NJTRANSIT_RVL/status/855444428596662273,2017-04-21 11:33:39,due to Amtrak signal problem/conges,RVL,NJT signal problem
855442501896949760,2017-04-21 11:26:00,Trains between NPS and PSNY remain delayed at 20 minutes due to Amtrak signal problem/congestion in ... https://t.co/xLShO9aIcS,https://twitter.com/NJTRANSIT_RVL/status/855442501896949760,2017-04-21 11:26:00,due to Amtrak signal problem/congestion in ,RVL,NJT signal problem
855425229518188544,2017-04-21 10:17:22,Trains between NPS and PSNY remain delayed at 30 minutes due to Amtrak signal problem/congestion in ... https://t.co/xLShO9aIcS,https://twitter.com/NJTRANSIT_RVL/status/855425229518188544,2017-04-21 10:17:22,due to Amtrak signal problem/congestion in ,RVL,NJT signal problem
855418067958059008,2017-04-21 09:48:54,Raritan Valley Line trains are subject to up to 30 minute delays between Newark and High Bridge in b... https://t.co/xLShO9aIcS,https://twitter.com/NJTRANSIT_RVL/status/855418067958059008,2017-04-21 09:48:54,,RVL,
855410249217560576,2017-04-21 09:17:50,RVL trains are subject to up to 30 minute delays between Newark and High Bridge in both directions d... https://t.co/xLShO9aIcS,https://twitter.com/NJTRANSIT_RVL/status/855410249217560576,2017-04-21 09:17:50,,RVL,
855410104245649408,2017-04-21 09:17:16,"RVL train #5902 the 8:32am from Plainfield is up to 45 min. late, due to operational issues.",https://twitter.com/NJTRANSIT_RVL/status/855410104245649408,2017-04-21 09:17:16,due to operational issues,RVL,NJT operational issues
855397677944758274,2017-04-21 08:27:53,"RVL train #5416, the 7:54am Newark Penn arrival is up to 40 min. late due to an Amtrak switch problem near Newark.",https://twitter.com/NJTRANSIT_RVL/status/855397677944758274,2017-04-21 08:27:53,due to an Amtrak switch problem near Newark,RVL,NJT switch problem
855393244552863744,2017-04-21 08:10:16,"RVL train #5714, the 7:40am Newark Penn arrival is up to 40 min. late due to an Amtrak switch problem near Newark.",https://twitter.com/NJTRANSIT_RVL/status/855393244552863744,2017-04-21 08:10:16,due to an Amtrak switch problem near Newark,RVL,NJT switch problem
855386435670638593,2017-04-21 07:43:13,Raritan Valley Line trains are subject to up to 15 minute delays in both directions due to an Amtrak switch problem near Newark.,https://twitter.com/NJTRANSIT_RVL/status/855386435670638593,2017-04-21 07:43:13,due to an Amtrak switch problem near Newark,RVL,NJT switch problem
855381525734588418,2017-04-21 07:23:42,"RVL train #5710, the 7:10am Newark Penn arrival is up to 20 min. late due to signal problem.",https://twitter.com/NJTRANSIT_RVL/status/855381525734588418,2017-04-21 07:23:42,due to signal problem,RVL,NJT signal problem
854679096051339264,2017-04-19 08:52:30,"NEC, NJCL, RVL and MidTown Direct trains are subject to up to 30 minute delays in and out of NYPS, d... https://t.co/xLShO9aIcS",https://twitter.com/NJTRANSIT_RVL/status/854679096051339264,2017-04-19 08:52:30,,RVL,
854383247530352640,2017-04-18 13:16:54,"RVL train #5175 the 1:08am from Newark Penn is up to 10 min. late, due to operational issues.",https://twitter.com/NJTRANSIT_RVL/status/854383247530352640,2017-04-18 13:16:54,due to operational issues,RVL,NJT operational issues
853059250586873857,2017-04-14 21:35:49,Trains in and out of New York remains subject to up to 2 hour delays due to an earlier disabled NJ T... https://t.co/xLShO9aIcS,https://twitter.com/NJTRANSIT_RVL/status/853059250586873857,2017-04-14 21:35:49,due to an earlier disabled NJ T,RVL,
853035537636175881,2017-04-14 20:01:35,Trains in and out of New York are now subject to up to 2 hour delays due to an earlier disabled NJ T... https://t.co/xLShO9aIcS,https://twitter.com/NJTRANSIT_RVL/status/853035537636175881,2017-04-14 20:01:35,due to an earlier disabled NJ T,RVL,
853019928697458688,2017-04-14 18:59:34,Trains in and out of New York are now subject to up to 90 minute delays due to an earlier disabled N... https://t.co/xLShO9aIcS,https://twitter.com/NJTRANSIT_RVL/status/853019928697458688,2017-04-14 18:59:34,due to an earlier disabled N,RVL,
853000146510106626,2017-04-14 17:40:57,Trains in and out of New York are now subject to up to 90 minute delays due to a disabled NJ TRANSIT... https://t.co/xLShO9aIcS,https://twitter.com/NJTRANSIT_RVL/status/853000146510106626,2017-04-14 17:40:57,due to a disabled NJ TRANSIT,RVL,
852995034072920064,2017-04-14 17:20:38,Trains in and out of New York are now subject to up to 45 minute delays due to a disabled NJ TRANSIT... https://t.co/xLShO9aIcS,https://twitter.com/NJTRANSIT_RVL/status/852995034072920064,2017-04-14 17:20:38,due to a disabled NJ TRANSIT,RVL,
852984312328855553,2017-04-14 16:38:02,Trains in and out of New York are now subject to up to 45 minute delays due to an Amtrak overhead po... https://t.co/xLShO9aIcS,https://twitter.com/NJTRANSIT_RVL/status/852984312328855553,2017-04-14 16:38:02,due to an Amtrak overhead po,RVL,
852970090597429248,2017-04-14 15:41:31,Trains in and out of New York are subject to up to 30 minute delays due to an Amtrak overhead power ... https://t.co/xLShO9aIcS,https://twitter.com/NJTRANSIT_RVL/status/852970090597429248,2017-04-14 15:41:31,due to an Amtrak overhead power ,RVL,
852592551525789696,2017-04-13 14:41:19,"RVL train #5438, the 2:28pm from Cranford is up to 10 min. late due to track maintenance.",https://twitter.com/NJTRANSIT_RVL/status/852592551525789696,2017-04-13 14:41:19,due to track maintenance,RVL,
852576868691841024,2017-04-13 13:39:00,"RVL train #5176, the 1:24pm from Garwood is up to 15 min. late due to track maintenance.",https://twitter.com/NJTRANSIT_RVL/status/852576868691841024,2017-04-13 13:39:00,due to track maintenance,RVL,
852562161327124480,2017-04-13 12:40:33,"RVL train #5134, the 12:28pm from Cranford is up to 20 min. late due to track maintenance.",https://twitter.com/NJTRANSIT_RVL/status/852562161327124480,2017-04-13 12:40:33,due to track maintenance,RVL,
852519528839958529,2017-04-13 09:51:09,"RVL train #5126 the 9:46am from Newark Penn is up to 10 min. late, due to earlier track maintenance.",https://twitter.com/NJTRANSIT_RVL/status/852519528839958529,2017-04-13 09:51:09,due to earlier track maintenance,RVL,
852516582706335744,2017-04-13 09:39:26,"RVL train #5415 the 9:23am from Cranford is up to 15 min. late, due to track maintenance.",https://twitter.com/NJTRANSIT_RVL/status/852516582706335744,2017-04-13 09:39:26,due to track maintenance,RVL,
852215235075334144,2017-04-12 13:42:00,"RVL train #5176, the 12:28pm from Cranford is up to 20 min. late, due to programmed maintenance.",https://twitter.com/NJTRANSIT_RVL/status/852215235075334144,2017-04-12 13:42:00,due to programmed maintenance,RVL,
852170709577199616,2017-04-12 10:45:04,"RVL train #5719, the 10:34am from Fanwood is 10 min. late due to track maintenance.",https://twitter.com/NJTRANSIT_RVL/status/852170709577199616,2017-04-12 10:45:04,due to track maintenance,RVL,
852170058650529792,2017-04-12 10:42:29,"RVL train #5170, the 10:26am from Cranford is up to 20 min. late due to track maintenance.",https://twitter.com/NJTRANSIT_RVL/status/852170058650529792,2017-04-12 10:42:29,due to track maintenance,RVL,
851900568163450881,2017-04-11 16:51:37,"RVL train #5431, the 4:35pm from Westfield, is up to 15 min. late due to an operational issue.",https://twitter.com/NJTRANSIT_RVL/status/851900568163450881,2017-04-11 16:51:37,due to an operational issue,RVL,NJT operational issues
851856250249904129,2017-04-11 13:55:31,"RVL train #5175, the 1:40pm from Plainfield is up to 15 min. late, due to an earlier operational issue.",https://twitter.com/NJTRANSIT_RVL/status/851856250249904129,2017-04-11 13:55:31,due to an earlier operational issue,RVL,NJT operational issues
851777439151927297,2017-04-11 08:42:21,"RVL train #5413, the 8:28am from Fanwood is up to 10 min. late due to an operational issue.",https://twitter.com/NJTRANSIT_RVL/status/851777439151927297,2017-04-11 08:42:21,due to an operational issue,RVL,NJT operational issues
851564703721697281,2017-04-10 18:37:01,Trains in and out of PSNY are subject to up to 15 minute delays due Amtrak track condition with resulting congestion.,https://twitter.com/NJTRANSIT_RVL/status/851564703721697281,2017-04-10 18:37:01,due Amtrak track condition with resulting congestion,RVL,NJT late train
851504556815130624,2017-04-10 14:38:01,RVL train #5438 the 2:35pm from Westfield is up to 15 min. late due to programmed track maintenance.,https://twitter.com/NJTRANSIT_RVL/status/851504556815130624,2017-04-10 14:38:01,due to programmed track maintenance,RVL,
851496761013276675,2017-04-10 14:07:02,"RVL train #5127, the 1:56pm from SEC, is up to  10 min. late due to congestion resulting from an earlier Amtrak switch problem.",https://twitter.com/NJTRANSIT_RVL/status/851496761013276675,2017-04-10 14:07:02,due to congestion resulting from an earlier Amtrak switch problem,RVL,NJT switch problem
851489318619238400,2017-04-10 13:37:28,"RVL train #5176, the 1:21pm from Westfield is up to 15 min. late due to track maintenance.",https://twitter.com/NJTRANSIT_RVL/status/851489318619238400,2017-04-10 13:37:28,due to track maintenance,RVL,
851478002315788288,2017-04-10 12:52:30,"RVL train #5134, the 12:34pm from Roselle Park is up to 20 min. late due to track maintenance.",https://twitter.com/NJTRANSIT_RVL/status/851478002315788288,2017-04-10 12:52:30,due to track maintenance,RVL,
851447237444079616,2017-04-10 10:50:15,"RVL train #5170, the 10:35am from Union Station is up to 10 min. late due to track maintenance.",https://twitter.com/NJTRANSIT_RVL/status/851447237444079616,2017-04-10 10:50:15,due to track maintenance,RVL,
850408525654261761,2017-04-07 14:02:46,"RVL train #5176, the 1:49pm from Newark Penn is up to 15 min. late, due to track maintenance.",https://twitter.com/NJTRANSIT_RVL/status/850408525654261761,2017-04-07 14:02:46,due to track maintenance,RVL,
850386472746319877,2017-04-07 12:35:09,"RVL train #5123, the 12:25pm from Cranford is up to 15 min. late due to track maintenance.",https://twitter.com/NJTRANSIT_RVL/status/850386472746319877,2017-04-07 12:35:09,due to track maintenance,RVL,
850356938605043712,2017-04-07 10:37:47,"RVL train #5170, the 10:26am from Cranford is up to 10 min. late due to track maintenance.",https://twitter.com/NJTRANSIT_RVL/status/850356938605043712,2017-04-07 10:37:47,due to track maintenance,RVL,
850338830519590912,2017-04-07 09:25:50,1 of 2: NJ TRANSIT trains are operating with up to 20 minute delays into and out of New York due to ... https://t.co/xLShO9aIcS,https://twitter.com/NJTRANSIT_RVL/status/850338830519590912,2017-04-07 09:25:50,due to ,RVL,
850307804644741120,2017-04-07 07:22:33,"3 of 3: As a precaution, NJT is advising customers that they may experience some delays and should g... https://t.co/xLShO9aIcS",https://twitter.com/NJTRANSIT_RVL/status/850307804644741120,2017-04-07 07:22:33,,RVL,
849967216556683264,2017-04-06 08:49:10,"RVL train #5902 the 8:38am from Fanwood is up to 10 min. late, due to earlier freight train congestion.",https://twitter.com/NJTRANSIT_RVL/status/849967216556683264,2017-04-06 08:49:10,due to earlier freight train congestion,RVL,NJT late train
849961380363075584,2017-04-06 08:25:59,"Raritan Valley Line train #5413, the 8:08am from Roselle Park is up to 20 min. late due to operational issues.",https://twitter.com/NJTRANSIT_RVL/status/849961380363075584,2017-04-06 08:25:59,due to operational issues,RVL,NJT operational issues
849686215968378881,2017-04-05 14:12:34,"RVL train #5175, the 1:59pm from Somerville is up to 10 min. late, due to programmed track maintenance.",https://twitter.com/NJTRANSIT_RVL/status/849686215968378881,2017-04-05 14:12:34,due to programmed track maintenance,RVL,
849670664533495808,2017-04-05 13:10:47,"RVL train #5123, the 12:59pm from Somerville is up to 10 min. late, due to programmed track maintenance.",https://twitter.com/NJTRANSIT_RVL/status/849670664533495808,2017-04-05 13:10:47,due to programmed track maintenance,RVL,
849653179922907136,2017-04-05 12:01:18,"RVL train #5121, the 11:49am from Bound Brook is up to 15 min. late due to track maintenance.",https://twitter.com/NJTRANSIT_RVL/status/849653179922907136,2017-04-05 12:01:18,due to track maintenance,RVL,
849642185926561793,2017-04-05 11:17:37,"RVL train #5719, the 11:03am from Raritan is up to 15 min. late due to track maintenance.",https://twitter.com/NJTRANSIT_RVL/status/849642185926561793,2017-04-05 11:17:37,due to track maintenance,RVL,
849387479350300674,2017-04-04 18:25:30,"RVL train #5737, the 6:12pm from Somerville, is up to 10 min. late due to an earlier late connection.",https://twitter.com/NJTRANSIT_RVL/status/849387479350300674,2017-04-04 18:25:30,due to an earlier late connection,RVL,NJT late train
849381651486527493,2017-04-04 18:02:21,"RVL train #5:51pm from Westfield, is up to 10 min. late due to an earlier late connection.",https://twitter.com/NJTRANSIT_RVL/status/849381651486527493,2017-04-04 18:02:21,due to an earlier late connection,RVL,NJT late train
849358983811018754,2017-04-04 16:32:16,"RVL train #5742, the 4:19pm from Union Station, is up to 15 min. late due to a late train ahead.",https://twitter.com/NJTRANSIT_RVL/status/849358983811018754,2017-04-04 16:32:16,due to a late train ahead,RVL,NJT late train
849357863709442049,2017-04-04 16:27:49,"RVL train #5431, the 4:20pm from Union Station, is up to 10 min. late due to an earlier late connection.",https://twitter.com/NJTRANSIT_RVL/status/849357863709442049,2017-04-04 16:27:49,due to an earlier late connection,RVL,NJT late train
848999433702432768,2017-04-03 16:43:33,Service is subject to 60-minute delays in both directions. 2 of 6,https://twitter.com/NJTRANSIT_RVL/status/848999433702432768,2017-04-03 16:43:33,,RVL,
848968591416467457,2017-04-03 14:40:59,RVL rail service remains suspended between Newark and New York. 4 of 6,https://twitter.com/NJTRANSIT_RVL/status/848968591416467457,2017-04-03 14:40:59,,RVL,
848968233722015745,2017-04-03 14:39:34,Trains in and out of HOB may be subject to up to 30-minute delays due to congestion caused by diverted MidTown Direct trains. 3 of 6,https://twitter.com/NJTRANSIT_RVL/status/848968233722015745,2017-04-03 14:39:34,due to congestion caused by diverted MidTown Direct trains,RVL,NJT late train
848967981564653569,2017-04-03 14:38:34,Service is subject to 30-minute delays in both directions. 2 of 6,https://twitter.com/NJTRANSIT_RVL/status/848967981564653569,2017-04-03 14:38:34,,RVL,
848888986596769792,2017-04-03 09:24:40,"(1of2)NEC, NJCL, RVL &amp; Midtown Direct is suspended in and out of NYPS due to a derailed NJ Transit t... https://t.co/xLShO9aIcS",https://twitter.com/NJTRANSIT_RVL/status/848888986596769792,2017-04-03 09:24:40,due to a derailed NJ Transit t,RVL,
847822729491488769,2017-03-31 10:47:45,"RVL train #5170, the 10:48am from NPS is up to 15 min. late due to operational issues.",https://twitter.com/NJTRANSIT_RVL/status/847822729491488769,2017-03-31 10:47:45,due to operational issues,RVL,NJT operational issues
847081610113638401,2017-03-29 09:42:48,"RVL train #5170 the 9:26am from Lebanon is up to 10 min. late, due to an operational issue.",https://twitter.com/NJTRANSIT_RVL/status/847081610113638401,2017-03-29 09:42:48,due to an operational issue,RVL,NJT operational issues
846803392018235394,2017-03-28 15:17:16,RVL train #5742 the 3:00pm from High Bridge is up to 15 min. late due to an operational issue.,https://twitter.com/NJTRANSIT_RVL/status/846803392018235394,2017-03-28 15:17:16,due to an operational issue,RVL,NJT operational issues
846769911569547264,2017-03-28 13:04:13,"RVL train #5123, the 12:51pm from Bound Brook is up to 15 min. late due to track maintenance.",https://twitter.com/NJTRANSIT_RVL/status/846769911569547264,2017-03-28 13:04:13,due to track maintenance,RVL,
846755707307229184,2017-03-28 12:07:47,"RVL train #5121, the 11:52am from Bridgewater is up to 15 min. late due to track maintenance.",https://twitter.com/NJTRANSIT_RVL/status/846755707307229184,2017-03-28 12:07:47,due to track maintenance,RVL,
846745439311466498,2017-03-28 11:26:59,"RVL train #5719 the 11:16am from White House is up to 15 min. late, due to earlier track maintenance.",https://twitter.com/NJTRANSIT_RVL/status/846745439311466498,2017-03-28 11:26:59,due to earlier track maintenance,RVL,
846513619361771520,2017-03-27 20:05:48,"RVL train #5447, 7:00pm from NPS, was CANCELLED due to an earlier signal problem. Customers to #5749, the 7:35pm from NPS.",https://twitter.com/NJTRANSIT_RVL/status/846513619361771520,2017-03-27 20:05:48,due to an earlier signal problem,RVL,NJT signal problem
846512316636114944,2017-03-27 20:00:38,"RVL train #5445, the 6:33pm from NPS, is up to 85 min. late due to an earlier signal problem.",https://twitter.com/NJTRANSIT_RVL/status/846512316636114944,2017-03-27 20:00:38,due to an earlier signal problem,RVL,NJT signal problem
846510292913795072,2017-03-27 19:52:35,"RVL train #5749, the 7:35pm from NPS, is up to 45 min. late due to an earlier signal problem.",https://twitter.com/NJTRANSIT_RVL/status/846510292913795072,2017-03-27 19:52:35,due to an earlier signal problem,RVL,NJT signal problem
846507489457836033,2017-03-27 19:41:27,"RVL train #5150, the 7:21pm from Roselle Park, is up to 20 min. late due to an earlier signal problem.",https://twitter.com/NJTRANSIT_RVL/status/846507489457836033,2017-03-27 19:41:27,due to an earlier signal problem,RVL,NJT signal problem
846504717119361024,2017-03-27 19:30:26,RVL rail service has been restored between Union Station and Newark Penn Station with residual delay... https://t.co/xLShO9aIcS,https://twitter.com/NJTRANSIT_RVL/status/846504717119361024,2017-03-27 19:30:26,,RVL,
846497364122701824,2017-03-27 19:01:13,"RVL train #5746, the 6:08pm from Union station, is CANCELLED due to a signal problem ahead.",https://twitter.com/NJTRANSIT_RVL/status/846497364122701824,2017-03-27 19:01:13,due to a signal problem ahead,RVL,NJT signal problem
846496208575238144,2017-03-27 18:56:37,RVL rail service is suspended between Union Station and Newark Penn Station due to a signal problem near Newark Penn station.  1 of 1,https://twitter.com/NJTRANSIT_RVL/status/846496208575238144,2017-03-27 18:56:37,due to a signal problem near Newark Penn station,RVL,NJT signal problem
846378262255284224,2017-03-27 11:07:57,"RVL train #5121, the 11:06am from Newark Penn Station is up to 15 min. late due to a signal problem.",https://twitter.com/NJTRANSIT_RVL/status/846378262255284224,2017-03-27 11:07:57,due to a signal problem,RVL,NJT signal problem
846335669937082369,2017-03-27 08:18:42,"NEC, NJCL, RVL, and MidTown Direct trains are subject to 15 minute delays in and out of NYPS due to ... https://t.co/xLShO9aIcS",https://twitter.com/NJTRANSIT_RVL/status/846335669937082369,2017-03-27 08:18:42,due to ,RVL,
845444456916680709,2017-03-24 21:17:20,"All NEC 7600-series trains will be cancelled.  As a result, NEC 7800-series trains will make an addt... https://t.co/xLShO9aIcS",https://twitter.com/NJTRANSIT_RVL/status/845444456916680709,2017-03-24 21:17:20,,RVL,
845352666591084544,2017-03-24 15:12:36,"RVL train #5179, the 2:39pm from NYPS, is CANCELLED out of NY. This train will operate out of NPS TODAY.",https://twitter.com/NJTRANSIT_RVL/status/845352666591084544,2017-03-24 15:12:36,,RVL,
845338160120807424,2017-03-24 14:14:57,"RVL train #5175, the 2:09pm from North Branch, is up to 10 min. late due to programmed track maintenance.",https://twitter.com/NJTRANSIT_RVL/status/845338160120807424,2017-03-24 14:14:57,due to programmed track maintenance,RVL,
845321623704162304,2017-03-24 13:09:15,1 of 3 Rail service remains suspended in and out NYPS due to a derailed Amtrak train in NYPS. MidTow... https://t.co/xLShO9aIcS,https://twitter.com/NJTRANSIT_RVL/status/845321623704162304,2017-03-24 13:09:15,due to a derailed Amtrak train in NYPS,RVL,
845301928405991425,2017-03-24 11:50:59,1 of 3: Rail service remains suspended in and out NYPS due to a derailed Amtrak train in NYPS. MidTo... https://t.co/xLShO9aIcS,https://twitter.com/NJTRANSIT_RVL/status/845301928405991425,2017-03-24 11:50:59,due to a derailed Amtrak train in NYPS,RVL,
845290393193385986,2017-03-24 11:05:09,1of2: Rail service remains suspended in and out NYPS due to a derailed Amtrak train near NYPS. MidTo... https://t.co/xLShO9aIcS,https://twitter.com/NJTRANSIT_RVL/status/845290393193385986,2017-03-24 11:05:09,due to a derailed Amtrak train near NYPS,RVL,
845265971875102721,2017-03-24 09:28:06,1 of 2: Rail service is suspended in and out NYPS due to a derailed Amtrak train in NYPS. MidTown Di... https://t.co/xLShO9aIcS,https://twitter.com/NJTRANSIT_RVL/status/845265971875102721,2017-03-24 09:28:06,due to a derailed Amtrak train in NYPS,RVL,
845048462962036737,2017-03-23 19:03:48,"RVL train #5743, the 6:47pm from Plainfield, is up to 15 min.late due to earlier congestion from a late train ahead.",https://twitter.com/NJTRANSIT_RVL/status/845048462962036737,2017-03-23 19:03:48,due to earlier congestion from a late train ahead,RVL,NJT late train
844889565492064256,2017-03-23 08:32:24,"RVL train #5413, the 8:17am from Cranford is up to 10 min. late due to an operational issue.",https://twitter.com/NJTRANSIT_RVL/status/844889565492064256,2017-03-23 08:32:24,due to an operational issue,RVL,NJT operational issues
844882477336416256,2017-03-23 08:04:14,"RVL train #5718, the 8:03am NPS arrival is up to 10 min. late due to accommodating customers from an earlier cancelled train.",https://twitter.com/NJTRANSIT_RVL/status/844882477336416256,2017-03-23 08:04:14,due to accommodating customers from an earlier cancelled train,RVL,NJT late train
844878746125549568,2017-03-23 07:49:24,"RVL train #5416, the 7:31am from Cranford is up to 15 min. late due to an operational issue.",https://twitter.com/NJTRANSIT_RVL/status/844878746125549568,2017-03-23 07:49:24,due to an operational issue,RVL,NJT operational issues
844850175789039621,2017-03-23 05:55:53,"RVL train #5714, the 6:19am from High Bridge is CANCELLED due to an operational issue. Customers may... https://t.co/xLShO9sj4q",https://twitter.com/NJTRANSIT_RVL/status/844850175789039621,2017-03-23 05:55:53,due to an operational issue,RVL,NJT operational issues
844727625604120576,2017-03-22 21:48:54,RVL service remains suspended in both directions btwn Raritan and White House stations due to a down... https://t.co/xLShO9aIcS,https://twitter.com/NJTRANSIT_RVL/status/844727625604120576,2017-03-22 21:48:54,due to a down,RVL,
844685382444863488,2017-03-22 19:01:03,Trains in and out of NYPS are subject to up to 30 minute delays in both directions between NPS and N... https://t.co/xLShO9aIcS,https://twitter.com/NJTRANSIT_RVL/status/844685382444863488,2017-03-22 19:01:03,,RVL,
844674571097817094,2017-03-22 18:18:05,"RVL train #5733, the 5:59pm from White House, is up to 30 min. late due to awaiting bus shuttle from... https://t.co/xLShO9aIcS",https://twitter.com/NJTRANSIT_RVL/status/844674571097817094,2017-03-22 18:18:05,due to awaiting bus shuttle from,RVL,
844657624914284544,2017-03-22 17:10:45,"RVL train #5746, the 5:00pm from Lebanon, is up to 10 min. late, due to an earlier late train, due t... https://t.co/xLShO9aIcS",https://twitter.com/NJTRANSIT_RVL/status/844657624914284544,2017-03-22 17:10:45,"due to an earlier late train, due t",RVL,NJT late train
844646233193025536,2017-03-22 16:25:29,"RVL train #5179, the 4:09pm from White House, is up to 15 min. delayed due to awaiting bus shuttle f... https://t.co/xLShO9aIcS",https://twitter.com/NJTRANSIT_RVL/status/844646233193025536,2017-03-22 16:25:29,due to awaiting bus shuttle f,RVL,
844631428361007107,2017-03-22 15:26:39,RVL svc is suspended in both directions btwn Raritan and White House stations due to a downed commer... https://t.co/xLShO9aIcS,https://twitter.com/NJTRANSIT_RVL/status/844631428361007107,2017-03-22 15:26:39,due to a downed commer,RVL,
844627397769121793,2017-03-22 15:10:38,"RVL train #5742, the 3:00pm from High Bridge, is up to 10 min. late due to a utility pole on the tra... https://t.co/xLShO9aIcS",https://twitter.com/NJTRANSIT_RVL/status/844627397769121793,2017-03-22 15:10:38,due to a utility pole on the tra,RVL,
844621565715251200,2017-03-22 14:47:28,"RVL train #5175, the 2:16pm from Whitehouse is up to 30 min. late due to a downed utility pole across the tracks.",https://twitter.com/NJTRANSIT_RVL/status/844621565715251200,2017-03-22 14:47:28,due to a downed utility pole across the tracks,RVL,
844617488545595400,2017-03-22 14:31:16,"RVL train #5179, the 2:39pm from NYPS is CANCELLED, due to operational issues. Customers to train #3... https://t.co/xLShO9aIcS",https://twitter.com/NJTRANSIT_RVL/status/844617488545595400,2017-03-22 14:31:16,due to operational issues,RVL,NJT operational issues
844615856604762114,2017-03-22 14:24:47,"RVL train #5175, the 2:09pm from North Branch is CANCELLED at North Branch ONLY due to a downed util... https://t.co/xLShO9aIcS",https://twitter.com/NJTRANSIT_RVL/status/844615856604762114,2017-03-22 14:24:47,due to a downed util,RVL,
844579578211389440,2017-03-22 12:00:37,"RVL train #5121, the 11:49am from Bound Brook is up to 15 min. late due to track maintenance.",https://twitter.com/NJTRANSIT_RVL/status/844579578211389440,2017-03-22 12:00:37,due to track maintenance,RVL,
844565710013710336,2017-03-22 11:05:31,"RVL train #5719, the 10:51am from Bound Brook is up to 10 min. late due to track maintenance.",https://twitter.com/NJTRANSIT_RVL/status/844565710013710336,2017-03-22 11:05:31,due to track maintenance,RVL,
844550959493722112,2017-03-22 10:06:54,"RVL train #5415, the 9:49am from Bound Brook is up to 15 min. late due to track maintenance.",https://twitter.com/NJTRANSIT_RVL/status/844550959493722112,2017-03-22 10:06:54,due to track maintenance,RVL,
844249134429323265,2017-03-21 14:07:33,"RVL train #5175, the 1:51pm from Bound Brook is up to 15 min. late due to track maintenance.",https://twitter.com/NJTRANSIT_RVL/status/844249134429323265,2017-03-21 14:07:33,due to track maintenance,RVL,
844233241536217088,2017-03-21 13:04:24,"RVL train #5123, the 12:51pm from Bound Brook is up to 15 min. late due to track maintenance.",https://twitter.com/NJTRANSIT_RVL/status/844233241536217088,2017-03-21 13:04:24,due to track maintenance,RVL,
844218926426968065,2017-03-21 12:07:31,"RVL train #5121 the 11:52am from Bridgewater is up to 15 min. late, due to track maintenance.",https://twitter.com/NJTRANSIT_RVL/status/844218926426968065,2017-03-21 12:07:31,due to track maintenance,RVL,
844203180305145856,2017-03-21 11:04:57,"RVL train #5719, the 10:51am from Bound Brook is up to 15 min. late due to track maintenance.",https://twitter.com/NJTRANSIT_RVL/status/844203180305145856,2017-03-21 11:04:57,due to track maintenance,RVL,
844190826137829377,2017-03-21 10:15:51,"RVL train #5415, the 9:57am from Somerville is up to 15 min. late due to track maintenance.",https://twitter.com/NJTRANSIT_RVL/status/844190826137829377,2017-03-21 10:15:51,due to track maintenance,RVL,
843840763322687488,2017-03-20 11:04:50,"RVL train #5132 the 10:50am from Somerville is up to 15 min. late, due to an earlier mechanical problem.",https://twitter.com/NJTRANSIT_RVL/status/843840763322687488,2017-03-20 11:04:50,due to an earlier mechanical problem,RVL,NJT mechanical problem
843168541524279296,2017-03-18 14:33:40,RVL train #5522 the 2:16pm from Raritan is up to 15 min. late due to mechanical problem.,https://twitter.com/NJTRANSIT_RVL/status/843168541524279296,2017-03-18 14:33:40,due to mechanical problem,RVL,NJT mechanical problem
842871102137360385,2017-03-17 18:51:45,"RVL train #5445, the 6:42pm from Union, is up to 15 min. late due to congestion caused by an earlier switch problem.",https://twitter.com/NJTRANSIT_RVL/status/842871102137360385,2017-03-17 18:51:45,due to congestion caused by an earlier switch problem,RVL,NJT switch problem
842034704769552384,2017-03-15 11:28:12,"RVL train #5517 the 11:07am from Netherwood is  up to 20 min. late, due to weather-related issues.",https://twitter.com/NJTRANSIT_RVL/status/842034704769552384,2017-03-15 11:28:12,due to weather-related issues,RVL,Weather-related
841264862537871360,2017-03-13 08:29:07,"RVL train #5413, the 8:17am from Cranford is up to 15 min. late due to a switch problem.",https://twitter.com/NJTRANSIT_RVL/status/841264862537871360,2017-03-13 08:29:07,due to a switch problem,RVL,NJT switch problem
840255839831228416,2017-03-10 13:39:38,"RVL train #5123, the 12:34pm from Westfield, is up to 10 min. late, due to an earlier operational issue.",https://twitter.com/NJTRANSIT_RVL/status/840255839831228416,2017-03-10 13:39:38,due to an earlier operational issue,RVL,NJT operational issues
839929803314720768,2017-03-09 16:04:04,"RVL train #5127, the 2:51pm from Bound Brook, is up to 15 min. late, due to programmed track maintenance.",https://twitter.com/NJTRANSIT_RVL/status/839929803314720768,2017-03-09 16:04:04,due to programmed track maintenance,RVL,
839913446753849344,2017-03-09 14:59:05,"RVL train #5175, the 1:51pm from Bound Brook, is up to 15 min. late, due to programmed track maintenance.",https://twitter.com/NJTRANSIT_RVL/status/839913446753849344,2017-03-09 14:59:05,due to programmed track maintenance,RVL,
839901088518193152,2017-03-09 14:09:58,"RVL train #5123, the 12:59am from Somerville, is up to 15 min. late, due to programmed track maintenance.",https://twitter.com/NJTRANSIT_RVL/status/839901088518193152,2017-03-09 14:09:58,due to programmed track maintenance,RVL,
839886573130944512,2017-03-09 13:12:18,"RVL train #5121, the 11:57am from Somerville, is up to 15 min. late, due to programmed track maintenance.",https://twitter.com/NJTRANSIT_RVL/status/839886573130944512,2017-03-09 13:12:18,due to programmed track maintenance,RVL,
839869491639091202,2017-03-09 12:04:25,"RVL train #5719, the 10:51am from Bound Brook is up to 15 min. late due to track maintenance.",https://twitter.com/NJTRANSIT_RVL/status/839869491639091202,2017-03-09 12:04:25,due to track maintenance,RVL,
839553757134405633,2017-03-08 15:09:48,RVL train #5175 the 1:54pm from Bridgewater is up to 15 min. late due to programmed maintenance.,https://twitter.com/NJTRANSIT_RVL/status/839553757134405633,2017-03-08 15:09:48,due to programmed maintenance,RVL,
839537237985484800,2017-03-08 14:04:10,"RVL train #5123,the 12:51pm from Bound Brook, is up to 10 min. late, due to programmed track maintenance.",https://twitter.com/NJTRANSIT_RVL/status/839537237985484800,2017-03-08 14:04:10,due to programmed track maintenance,RVL,
839522059432640513,2017-03-08 13:03:51,"RVL train #5121, the 11:52am from Bridgewater is up to 15 min. late, due to track maintenance.",https://twitter.com/NJTRANSIT_RVL/status/839522059432640513,2017-03-08 13:03:51,due to track maintenance,RVL,
839508735479406592,2017-03-08 12:10:54,"RVL train #5719 the 11:00am from Somerville is up to 10 min. late, due to congestion from track maintenance.",https://twitter.com/NJTRANSIT_RVL/status/839508735479406592,2017-03-08 12:10:54,due to congestion from track maintenance,RVL,NJT late train
838903533197996033,2017-03-06 20:06:03,"RVL train #5150, the 6:42pm from Somerville, is up to 20 min. late, due to an operational issue, resulting from an earlier cancelled train.",https://twitter.com/NJTRANSIT_RVL/status/838903533197996033,2017-03-06 20:06:03,"due to an operational issue, resulting from an earlier cancelled train",RVL,NJT operational issues
838887518355480576,2017-03-06 19:02:24,"RVL train #5737, the 5:51pm from Westfield, is up to 10 min. late due to making additional stops for an earlier cancelled train.",https://twitter.com/NJTRANSIT_RVL/status/838887518355480576,2017-03-06 19:02:24,due to making additional stops for an earlier cancelled train,RVL,NJT late train
838872389182193664,2017-03-06 18:02:17,"RVL train #5435, the 5:17pm from NPS, is CANCELLED due to an operational issue. Customers to train #... https://t.co/xLShO9aIcS",https://twitter.com/NJTRANSIT_RVL/status/838872389182193664,2017-03-06 18:02:17,due to an operational issue,RVL,NJT operational issues
838828445169774592,2017-03-06 15:07:40,RVL train #5175 the 1:51pm from Bound Brook is up to 15 min. late due to programmed maintenance.,https://twitter.com/NJTRANSIT_RVL/status/838828445169774592,2017-03-06 15:07:40,due to programmed maintenance,RVL,
838814466313715712,2017-03-06 14:12:07,"RVL train #5123, the 12:59pm from Somerville, is up to 10 min. late due to programmed track maintenance.",https://twitter.com/NJTRANSIT_RVL/status/838814466313715712,2017-03-06 14:12:07,due to programmed track maintenance,RVL,
838796760290111488,2017-03-06 13:01:46,"RVL train #5121, the 11:49am from Bound Brook is up to 15 min. late due to track maintenance.",https://twitter.com/NJTRANSIT_RVL/status/838796760290111488,2017-03-06 13:01:46,due to track maintenance,RVL,
838781874357010434,2017-03-06 12:02:37,"RVL train #5719 the 10:51am from Bound Brook is up to 15 min. late, due to track maintenance.",https://twitter.com/NJTRANSIT_RVL/status/838781874357010434,2017-03-06 12:02:37,due to track maintenance,RVL,
838767772691750917,2017-03-06 11:06:35,"RVL train #5415 the 9:49am from Bound Brook is up to 15 min. late, due to track maintenance.",https://twitter.com/NJTRANSIT_RVL/status/838767772691750917,2017-03-06 11:06:35,due to track maintenance,RVL,
837841778195718145,2017-03-03 21:47:00,RVL train #5451 the 8:35pm from Westfield is up to 10 min. late due to an earlier delayed train.,https://twitter.com/NJTRANSIT_RVL/status/837841778195718145,2017-03-03 21:47:00,due to an earlier delayed train,RVL,NJT late train
